"Tweet Id","Tweet URL","Tweet Posted Time","Tweet Content","Tweet Type",Client,"Retweets Received","Likes Received","Tweet Location","Tweet Language","User  Id",Name,Username,"User Bio","Verified or Non-Verified","Profile URL","User Followers","User Following","User Account Creation Date"
"""1664109091411697665""",https://twitter.com/TruthfullyJaine/status/1664109091411697665,"01 Jun 2023 03:18:19","""https://t.co/ZSUYFCujYj

NOW AVAILABLE ON IUIC COLUMBUS OHIO PAGE!! 
â€¦â€¦â€¦â€¦â€¦â€¦â€¦â€¦â€¦â€¦â€¦â€¦â€¦â€¦â€¦â€¦â€¦ 
Visit our website here ğŸ’»ğŸ‘¨ğŸ¾â€ğŸ’»ğŸ–¥
ğŸ”´ https://t.co/OB3q8xGKAk

#Christ #IUIC #Nathanyel7   #CriticalRaceTheory #Prophets https://t.co/sY1xNyQ7Y9""",ReTweet,"""Twitter for Android""",0,0,"""""",English,"""1500123086514970631""","""Truthfulness""",TruthfullyJaine,"""The fact of being true; truth.

Your Fault with the Truth is...""",Non-Verified,https://twitter.com/TruthfullyJaine,24,121,"05-Mar-2022 14:56:47"
"""1664086531793993729""",https://twitter.com/LeVeraSutton/status/1664086531793993729,"01 Jun 2023 01:48:41","""For more    https://t.co/0hBRubF3Zp

#1619Project   #reparations #criticalracetheory #nojusticenopeace #blacklivesmatter https://t.co/PLyGGeHtn3""",ReTweet,"""Twitter for Android""",1,0,"""""",English,"""43336894""","""LeVera""",LeVeraSutton,"""""",Non-Verified,https://twitter.com/LeVeraSutton,556,2177,"29-May-2009 14:16:01"
"""1664085261045620737""",https://twitter.com/PatrioticSpirit/status/1664085261045620737,"01 Jun 2023 01:43:38","""#Lawfare #CriticalRaceTheory #PoliticalPersecution so on and so forth...

#DemonRats are at #War with the very notion of #America and our culture of #Liberty and #Freedom! https://t.co/e61deMILl1 https://t.co/ZlxvEG5zxC""",Tweet,"""Twitter for Android""",0,0,"""""",English,"""65854394""","""âŒSpiritOfLibertyâŒ""",PatrioticSpirit,"""#Constitutionalist w/#Conservative leanings #WeThePeople #TheAnswerIs1776 #ComeAndTakeIt #Constitution #1A #2A #Patriot #Liberty #IIIPercenter #MAGA #KAG #NoPC""",Non-Verified,https://twitter.com/PatrioticSpirit,3588,4170,"15-Aug-2009 07:41:49"
"""1664083837817610243""",https://twitter.com/Elharraqayoub/status/1664083837817610243,"01 Jun 2023 01:37:58","""For more    https://t.co/0hBRubF3Zp

#1619Project   #reparations #criticalracetheory #nojusticenopeace #blacklivesmatter https://t.co/PLyGGeHtn3""",Tweet,"""Twitter for Android""",1,1,"""""",English,"""841272139558866945""","""Elharraq ayoub""",Elharraqayoub,"""I work in advertising marketing""",Non-Verified,https://twitter.com/Elharraqayoub,42,519,"13-Mar-2017 12:58:02"
"""1664075889095905280""",https://twitter.com/atptatp/status/1664075889095905280,"01 Jun 2023 01:06:23","""https://t.co/MLrn15ME1a

#ProfessorBlackTruth #MoT #PBT #History #Education #School #Amanda #Gordon #TheHillWeClimb #Langston #Hughes #ABCsOfBlackHistory #CRT #CriticalRaceTheory #Woke #AntiBlackRacism #Miami #Florida #BookBan #WhiteSupremacy #White #Latino #Cuban #Immigrant""",Tweet,"""Twitter Web App""",0,0,"""""",,"""1081711923970883585""","""concerned citizen""",atptatp,"""Twitter and it's employees are anti-Black, racist, white supremacists.""",Non-Verified,https://twitter.com/atptatp,105,87,"06-Jan-2019 00:39:54"
"""1664065446364999681""",https://twitter.com/ProfessorJBA/status/1664065446364999681,"01 Jun 2023 00:24:53","""Lest we rememberâ€¦ğŸ”—https://t.co/MefZt1o3Eg #CriticalRaceTheory #MemorialDay #SpeakBlackMan ğŸ™ï¸ https://t.co/uwNjDxPK2g""",ReTweet,"""Twitter for iPhone""",9,0,"""""",English,"""1309321100""","""Jason B. Allen""",ProfessorJBA,"""Teacher |Leader |Activist |Storyteller #ProfessorJBA â¡ï¸ @eduentities ğŸ“@LilliesCARES ğŸª· @AllenforAPSğŸ @studforequityğŸ“— @TheEduVoice ğŸ–@SpeakBlackMan ğŸ™#iWin""",Non-Verified,https://twitter.com/ProfessorJBA,4404,4997,"28-Mar-2013 03:41:30"
"""1664030269211561984""",https://twitter.com/LvovLvi/status/1664030269211561984,"31 May 2023 22:05:07","""This is part of US History and has to be taught, ...But if THIS racism were why Black Americans are low acheivers today, then Jews would not be high achievers in Germany today.https://t.co/EUuUwc0zGZ #CriticalRaceTheory #racism #AfricanAmercian""",Tweet,"""Twitter Web App""",0,0,"""""",English,"""1620015675480887297""","""Today's Bad News""",LvovLvi,"""Ignorant Humans doing Short Sighted Things--Politics, Race, Medicine, Humanities, Art, Culture""",Non-Verified,https://twitter.com/LvovLvi,33,209,"30-Jan-2023 11:07:11"
"""1664024732088369154""",https://twitter.com/DavidBenShannon/status/1664024732088369154,"31 May 2023 21:43:06","""Itâ€™s interesting to note, having just done a #QueerTheory, how all the tweeting about #CriticalRaceTheory (that didnâ€™t know what it was) has now expanded to include #QueerTheory (without knowing what it is) and #CriticalPedagogy (also without knowing what it is).""",Tweet,"""Twitter for Mac""",0,1,"""""",English,"""773973741764218880""","""Dr David Ben Shannon is boycotting marking""",DavidBenShannon,"""@ESRI_MMU | @SHU_SIoE | @ObliqueCurios | @NeuroQueerChld Early childhood education, critical autism studies, & queer/affect theory (and Dr Who). (he/him)""",Non-Verified,https://twitter.com/DavidBenShannon,426,916,"08-Sep-2016 19:58:14"
"""1664023038063525888""",https://twitter.com/IuicSpringfield/status/1664023038063525888,"31 May 2023 21:36:22","""https://t.co/2h9PXPOiX4

NOW AVAILABLE ON IUIC COLUMBUS OHIO PAGE!! 
â€¦â€¦â€¦â€¦â€¦â€¦â€¦â€¦â€¦â€¦â€¦â€¦â€¦â€¦â€¦â€¦â€¦ 
Visit our website here ğŸ’»ğŸ‘¨ğŸ¾â€ğŸ’»ğŸ–¥
ğŸ”´ https://t.co/AWmnhQmPg9

#Christ #IUIC #Nathanyel7   #CriticalRaceTheory #Prophets""",Tweet,"""Twitter for iPhone""",0,0,"""""",English,"""1397381001945436160""","""IUICSpringfield""",IuicSpringfield,"""So called Blacks, Hispanics, and Native American Indians are the Israelites of the Bible. Follow to learn more.""",Non-Verified,https://twitter.com/IuicSpringfield,665,91,"26-May-2021 02:36:58"
"""1663966455342219273""",https://twitter.com/Khayden2412/status/1663966455342219273,"31 May 2023 17:51:32","""This is an incredibly well laid out overview of the violence and racism carried out against black people over centuries in Americaâ€¦ exactly the history the right donâ€™t want students learning in schools.

https://t.co/8S5I26UrcR

#CRT #CriticalRaceTheory https://t.co/5lxkT8DOu9""",Tweet,"""Twitter for iPhone""",0,2,"""Dublin City, Ireland Ireland""",English,"""1686377761""","""Karl Hayden""",Khayden2412,"""Long time human, civil and LGBT rights activist ğŸ³ï¸â€âš§ï¸ ğŸ³ï¸â€ğŸŒˆ, I stand with people of Palestine ğŸ‡µğŸ‡¸ and Ukraine ğŸ‡ºğŸ‡¦, the LGBT communities of the world ğŸŒ""",Non-Verified,https://twitter.com/Khayden2412,2650,1492,"20-Aug-2013 17:53:34"
"""1663952404864221185""",https://twitter.com/edwa44161/status/1663952404864221185,"31 May 2023 16:55:42","""#BlackCrime
#CriticalRaceTheory https://t.co/fsBmWI2DRE""",ReTweet,"""Twitter for iPhone""",1,0,"""""",,"""1640783528315985934""","""Edward Edward""",edwa44161,"""Hello ğŸ‘‹ I just wanted to let you know that Iâ€™m here to have fun and if youâ€™re looking to hook up I will block you""",Non-Verified,https://twitter.com/edwa44161,333,2799,"28-Mar-2023 18:31:41"
"""1663952238425800729""",https://twitter.com/edwa44161/status/1663952238425800729,"31 May 2023 16:55:03","""#BlackonWhiteViolence 
#BlackCrime
#CriticalRaceTheory https://t.co/v4VlTAS8fD""",ReTweet,"""Twitter for iPhone""",1,0,"""""",,"""1640783528315985934""","""Edward Edward""",edwa44161,"""Hello ğŸ‘‹ I just wanted to let you know that Iâ€™m here to have fun and if youâ€™re looking to hook up I will block you""",Non-Verified,https://twitter.com/edwa44161,333,2799,"28-Mar-2023 18:31:41"
"""1663936688614256640""",https://twitter.com/tristancabello/status/1663936688614256640,"31 May 2023 15:53:15","""ğŸ“£ Join us to celebrate 60 years of the Master of Liberal Arts program at Johns Hopkins University! ğŸ‰ Explore critical race theory and its impact. Be part of the conversation shaping our society. Register now! #CriticalRaceTheory

https://t.co/Lfwv9UazHA https://t.co/xAVM5KKy1q""",ReTweet,"""Twitter Web App""",1,0,"""""",English,"""2786191526""","""Tristan Cabello, PhD""",tristancabello,"""Historian, US & France | Professor at @JohnsHopkins | Director of @thehopkinsmla | PhD in US History @northwestern | JEDI Expert | Views my own |ğŸ‡«ğŸ‡·ğŸ‡ºğŸ‡¸ğŸŒˆâœŠğŸ¾ğŸŒ¹""",Non-Verified,https://twitter.com/tristancabello,6147,2055,"02-Sep-2014 15:30:43"
"""1663935925817159682""",https://twitter.com/thehopkinsmla/status/1663935925817159682,"31 May 2023 15:50:13","""ğŸ“£ Join us to celebrate 60 years of the Master of Liberal Arts program at Johns Hopkins University! ğŸ‰ Explore critical race theory and its impact. Be part of the conversation shaping our society. Register now! #CriticalRaceTheory

https://t.co/Lfwv9UazHA https://t.co/xAVM5KKy1q""",Tweet,"""Hootsuite Inc.""",1,0,"""""",English,"""963871478377787400""","""The Hopkins MLA""",thehopkinsmla,"""ğŸ“ Ignite Your Journey with the Johns Hopkins MLA Program! ğŸ“š""",Non-Verified,https://twitter.com/thehopkinsmla,53,3,"14-Feb-2018 20:24:03"
"""1663906527642546176""",https://twitter.com/strixtly4myngz/status/1663906527642546176,"31 May 2023 13:53:24","""@GuardianUS Easy forget about the Tulsa Race Massacre when teaching about it in school is considered ""woke"". But in the system of racism white supremacy, that is the whole pint. #CriticalRaceTheory #CRT""",Reply,"""Twitter for iPhone""",0,0,"""""",English,"""2922055095""","""Iâ€™m Me & Youâ€™re You""",strixtly4myngz,"""Speaking truth to power.""",Non-Verified,https://twitter.com/strixtly4myngz,464,1064,"14-Dec-2014 22:26:45"
"""1663904782820466697""",https://twitter.com/isislaz/status/1663904782820466697,"31 May 2023 13:46:28","""#CriticalRaceTheory #CRT you can tweet about the Tulsa Race Massacre but you can't learn about it in school""",ReTweet,"""Twitter for Android""",1,0,"""""",English,"""126163920""","""Justice Cee 103""",isislaz,"""Animal lover, bballer, tomboy, lyricist, a fan & of good music (Chrisette, Jill etc) I'm a muslim & WILL defend my faith if u come at me w/ anti-islamic b.s.""",Non-Verified,https://twitter.com/isislaz,2046,1100,"25-Mar-2010 01:13:18"
"""1663903262846734341""",https://twitter.com/strixtly4myngz/status/1663903262846734341,"31 May 2023 13:40:26","""#CriticalRaceTheory #CRT you can tweet about the Tulsa Race Massacre but you can't learn about it in school""",Tweet,"""Twitter for iPhone""",1,1,"""""",English,"""2922055095""","""Iâ€™m Me & Youâ€™re You""",strixtly4myngz,"""Speaking truth to power.""",Non-Verified,https://twitter.com/strixtly4myngz,464,1064,"14-Dec-2014 22:26:45"
"""1663893844348239872""",https://twitter.com/MindfulTeache12/status/1663893844348239872,"31 May 2023 13:03:00","""Mistakes are an important part of the learning process! ğŸŒŸğŸ’¡

Let's embrace them as valuable lessons that help us grow and evolve. 

ğŸŒ https://t.co/wC3TSW0hoE

#MindfulTeachingPractices #mindfulness #education #professionaldevelopment #CRT #CriticalRaceTheory #educator https://t.co/VR74qnqaS4""",Tweet,"""Cloud Campaign""",0,0,"""""",English,"""1555763478954029061""","""MindfulTeacher""",MindfulTeache12,"""I like helping educators make stronger connections with students!""",Non-Verified,https://twitter.com/MindfulTeache12,4,69,"06-Aug-2022 03:51:53"
"""1663887545086640128""",https://twitter.com/darkskin_qqueen/status/1663887545086640128,"31 May 2023 12:37:58","""#congress #africanamericanissues #africanamerican #africanamericanculture #guncontrol #criticalracetheory https://t.co/ViaggdmmeK""",Tweet,"""Twitter for iPhone""",0,0,"""""",,"""240375593""","""Darkskin_QQueen""",darkskin_qqueen,"""Click Link To SHOP | Subscribe (YT) ğŸš¨""",Non-Verified,https://twitter.com/darkskin_qqueen,1104,750,"19-Jan-2011 19:47:35"
"""1663778452208599040""",https://twitter.com/CivilRightsStan/status/1663778452208599040,"31 May 2023 05:24:29","""@mtgreenee So you prefer racism and bigotry. NOBODY is ""pushing a trans agenda,"" and being #woke has nothing to do w/that. This FOOLISHNESS is ridiculous and sickening. You all attacked Black people via your lies and attacks on #CriticalRaceTheory; now it's the lies about trans people. ğŸ˜•""",Reply,"""Twitter for Android""",0,0,"""""",English,"""4720227553""","""UNITE AGAINST FASCISM""",CivilRightsStan,"""ğŸ“ Academia
Common Sense ğŸ“š Thomas Paine
ğŸŒ World Traveler
âœï¸ I can do all things through Christ who strengthens me ğŸ™ŒğŸ½
Support Biden-Harris ğŸ’¯
#VoteBlue2022""",Non-Verified,https://twitter.com/CivilRightsStan,818,1806,"06-Jan-2016 20:42:25"
"""1663730046945710084""",https://twitter.com/bbtcSpeaks/status/1663730046945710084,"31 May 2023 02:12:08","""Lest we rememberâ€¦ğŸ”—https://t.co/MefZt1o3Eg #CriticalRaceTheory #MemorialDay #SpeakBlackMan ğŸ™ï¸ https://t.co/uwNjDxPK2g""",ReTweet,"""Twitter for iPhone""",9,0,"""""",English,"""1572974095981072385""","""Break Box Thought Collective""",bbtcSpeaks,"""We believe storytelling is the connective tissue that builds a bridge between our organization, our community and our cultures. - Lila Oliver, Executive Dir. ğŸ’¡""",Non-Verified,https://twitter.com/bbtcSpeaks,66,113,"22-Sep-2022 15:41:10"
"""1663729774332715010""",https://twitter.com/AllensPrintCo/status/1663729774332715010,"31 May 2023 02:11:03","""Lest we rememberâ€¦ğŸ”—https://t.co/MefZt1o3Eg #CriticalRaceTheory #MemorialDay #SpeakBlackMan ğŸ™ï¸ https://t.co/uwNjDxPK2g""",ReTweet,"""Twitter for iPhone""",9,0,"""""",English,"""1521498844730695681""","""Allens Printing Co""",AllensPrintCo,"""Providing quality and compassionate service to customers for over 30 years. Visit the Allenâ€™s Printing Company website at ğŸ”—https://t.co/5Z4XqFww3X ğŸ“‡""",Non-Verified,https://twitter.com/AllensPrintCo,53,72,"03-May-2022 14:37:51"
"""1663729387664015364""",https://twitter.com/iWinMorningShow/status/1663729387664015364,"31 May 2023 02:09:31","""Lest we rememberâ€¦ğŸ”—https://t.co/MefZt1o3Eg #CriticalRaceTheory #MemorialDay #SpeakBlackMan ğŸ™ï¸ https://t.co/uwNjDxPK2g""",ReTweet,"""Twitter for iPhone""",9,0,"""""",English,"""1468750085324521473""","""i Win Morning Show""",iWinMorningShow,"""The i Win Morning Show is hosted by ProfessorJBA , Dr. Dani & JaiTee. #podcast #ee #morningshow #ProfessorJBA ğŸŒ""",Non-Verified,https://twitter.com/iWinMorningShow,55,66,"09-Dec-2021 01:16:33"
"""1663728792592891905""",https://twitter.com/AllenforAPS/status/1663728792592891905,"31 May 2023 02:07:09","""Lest we rememberâ€¦ğŸ”—https://t.co/MefZt1o3Eg #CriticalRaceTheory #MemorialDay #SpeakBlackMan ğŸ™ï¸ https://t.co/uwNjDxPK2g""",ReTweet,"""Twitter for iPhone""",9,0,"""""",English,"""1469382231571456006""","""Allen for APS""",AllenforAPS,"""Jason B. Allen, 17 year educator, special education teacher, advocate for grandparents raising school aged and community leader is a champion for children. ğŸâœï¸""",Non-Verified,https://twitter.com/AllenforAPS,214,216,"10-Dec-2021 19:03:32"
"""1663728049647484928""",https://twitter.com/TheEduVoice/status/1663728049647484928,"31 May 2023 02:04:12","""Lest we rememberâ€¦ğŸ”—https://t.co/MefZt1o3Eg #CriticalRaceTheory #MemorialDay #SpeakBlackMan ğŸ™ï¸ https://t.co/uwNjDxPK2g""",ReTweet,"""Twitter for iPhone""",9,0,"""""",English,"""1480974533913976837""","""TheEducatorsVoice""",TheEduVoice,"""The Educators Voice is an educational blog written by @professorJBA ğŸ and powered by educational entities. Follow  @eduentities #TEVB ğŸ–""",Non-Verified,https://twitter.com/TheEduVoice,151,107,"11-Jan-2022 18:47:13"
"""1663727067484114945""",https://twitter.com/studforequity/status/1663727067484114945,"31 May 2023 02:00:18","""Lest we rememberâ€¦ğŸ”—https://t.co/MefZt1o3Eg #CriticalRaceTheory #MemorialDay #SpeakBlackMan ğŸ™ï¸ https://t.co/uwNjDxPK2g""",ReTweet,"""Twitter for iPhone""",9,0,"""""",English,"""1480716546133667840""","""Students for Equity""",studforequity,"""Students for Equity is a student advocacy group affiliated with educational entities. Our mission is to elevate the voices of students in the fight for equity.""",Non-Verified,https://twitter.com/studforequity,197,182,"11-Jan-2022 02:01:36"
"""1663726816475922438""",https://twitter.com/LilliesCARES/status/1663726816475922438,"31 May 2023 01:59:18","""Lest we rememberâ€¦ğŸ”—https://t.co/MefZt1o3Eg #CriticalRaceTheory #MemorialDay #SpeakBlackMan ğŸ™ï¸ https://t.co/uwNjDxPK2g""",ReTweet,"""Twitter for iPhone""",9,0,"""""",English,"""1472045688703922184""","""Lillieâ€™s Foundation""",LilliesCARES,"""Lillieâ€™s Foundation supports APS grandparents raising school aged in Atlanta. #LilliesFoundation #LF4C #Atlanta #APS #grandparents ğŸª·""",Non-Verified,https://twitter.com/LilliesCARES,111,160,"18-Dec-2021 03:27:46"
"""1663726316556886016""",https://twitter.com/NationalCenter/status/1663726316556886016,"31 May 2023 01:57:19","""Project 21's Mike Hill on @NTDNews with @richardsarleen1: 

Banned #Florida #Diversity Curriculum Focused on #CriticalRaceTheory &amp; #DEI Instead of Black Achievement

#CRT #DeSantis #NAACP
https://t.co/zuRhZ6FeQz""",ReTweet,"""TweetDeck""",2,0,"""""",English,"""19384480""","""National Center for Public Policy Research""",NationalCenter,"""The National Center for Public Policy Research is a nonpartisan, free-market conservative think-tank. Home of @Project21News & @FreeEntProject.""",Non-Verified,https://twitter.com/NationalCenter,8120,6419,"23-Jan-2009 06:38:46"
"""1663726302283661313""",https://twitter.com/NCPPRMedia/status/1663726302283661313,"31 May 2023 01:57:15","""Project 21's Mike Hill on @NTDNews with @richardsarleen1: 

Banned #Florida #Diversity Curriculum Focused on #CriticalRaceTheory &amp; #DEI Instead of Black Achievement

#CRT #DeSantis #NAACP
https://t.co/zuRhZ6FeQz""",ReTweet,"""TweetDeck""",2,0,"""""",English,"""3380642332""","""NCPPR Media""",NCPPRMedia,"""Keeping you abreast of media appearances by people associated with @NationalCenter, @Project21News & @FreeEntProject.""",Non-Verified,https://twitter.com/NCPPRMedia,649,445,"17-Jul-2015 17:12:09"
"""1663726226396139520""",https://twitter.com/Project21News/status/1663726226396139520,"31 May 2023 01:56:57","""Project 21's Mike Hill on @NTDNews with @richardsarleen1: 

Banned #Florida #Diversity Curriculum Focused on #CriticalRaceTheory &amp; #DEI Instead of Black Achievement

#CRT #DeSantis #NAACP
https://t.co/zuRhZ6FeQz""",Tweet,"""TweetDeck""",2,2,"""""",English,"""138864371""","""Project 21""",Project21News,"""Leading voice of black conservatives for 25+ yrs. Sponsored by @NationalCenter. Tweets may not reflect the views of all associated w P21/NC. Horace Cooper.""",Non-Verified,https://twitter.com/Project21News,16143,7516,"30-Apr-2010 20:59:28"
"""1663720584864497665""",https://twitter.com/PastorJack5/status/1663720584864497665,"31 May 2023 01:34:32","""This was a good one! #christianity &amp; #criticalracetheory â¦@Jeff_Liouâ© brought the theological fire!  https://t.co/yao9TJDQqo""",ReTweet,"""Twitter for iPhone""",2,0,"""""",English,"""364003518""","""Jack Miranda""",PastorJack5,"""Recovering pastor. Hubby, Dad, Papa. Hyperactive member of my communities. I may retweet you, don't think I agree.""",Non-Verified,https://twitter.com/PastorJack5,596,596,"29-Aug-2011 01:40:17"
"""1663702150457839617""",https://twitter.com/eduentities/status/1663702150457839617,"31 May 2023 00:21:17","""Lest we rememberâ€¦ğŸ”—https://t.co/MefZt1o3Eg #CriticalRaceTheory #MemorialDay #SpeakBlackMan ğŸ™ï¸ https://t.co/uwNjDxPK2g""",ReTweet,"""Twitter for iPhone""",9,0,"""""",English,"""1468724598346850304""","""educational entities""",eduentities,"""educational entities was designed by @ProfessorJBA to educate, empower, engage and elevate the voices of educators, students and parents. ğŸ–ğŸâœï¸ğŸ“šğŸ“""",Non-Verified,https://twitter.com/eduentities,154,158,"08-Dec-2021 23:33:02"
"""1663695667842383873""",https://twitter.com/Jeff_Liou/status/1663695667842383873,"30 May 2023 23:55:31","""This was a good one! #christianity &amp; #criticalracetheory â¦@Jeff_Liouâ© brought the theological fire!  https://t.co/yao9TJDQqo""",ReTweet,"""Twitter for iPhone""",2,0,"""""",English,"""17720590""","""Jeff Liou""",Jeff_Liou,"""These opinions are my own and do not reflect the views of anyone else""",Non-Verified,https://twitter.com/Jeff_Liou,872,398,"28-Nov-2008 21:53:38"
"""1663694103987761152""",https://twitter.com/ProfeChaoRomero/status/1663694103987761152,"30 May 2023 23:49:18","""This was a good one! #christianity &amp; #criticalracetheory â¦@Jeff_Liouâ© brought the theological fire!  https://t.co/yao9TJDQqo""",Tweet,"""Twitter for iPhone""",2,3,"""""",English,"""137057764""","""Robert Chao Romero""",ProfeChaoRomero,"""UCLA Professor. Historian. Pastor. Author, Christianity & Critical Race Theory. Brown Church: Five Centuries of Latina/o Social Justice, Theology, and Identity.""",Non-Verified,https://twitter.com/ProfeChaoRomero,5680,2478,"25-Apr-2010 17:21:20"
"""1663687391612379136""",https://twitter.com/Pen_Bird/status/1663687391612379136,"30 May 2023 23:22:38","""@ShitpostGate didn't #WokeDisney, like, already make a movie about #CriticalRaceTheory already? https://t.co/qbpKKOwiJ4""",ReTweet,"""Twitter Web App""",1,0,"""""",English,"""33799404""","""Phlip ğŸ‡µğŸ‡ª""",Pen_Bird,"""Android & RPi. House of Pfizer ğŸ’‰. Linux on the desktop forever! Turn off ur AutoCorrect. Foodzilla. RT=E.

Oh bother. Poo drew on Pigleg (below)""",Non-Verified,https://twitter.com/Pen_Bird,4658,4906,"21-Apr-2009 03:46:16"
"""1663671380670394374""",https://twitter.com/heyitslaiAhlai/status/1663671380670394374,"30 May 2023 22:19:01","""https://t.co/HFSc8EY2dY

NOW AVAILABLE ON IUIC COLUMBUS OHIO PAGE!! 
â€¦â€¦â€¦â€¦â€¦â€¦â€¦â€¦â€¦â€¦â€¦â€¦â€¦â€¦â€¦â€¦â€¦ 
Visit our website here ğŸ’»ğŸ‘¨ğŸ¾â€ğŸ’»ğŸ–¥
ğŸ”´ https://t.co/VLpWYW34GX

#Christ #IUIC #Nathanyel7   #CriticalRaceTheory #Prophets https://t.co/KuApd9JxeG""",ReTweet,"""Twitter for iPhone""",1,0,"""""",English,"""1605725381855789056""","""Ahlai Israel""",heyitslaiAhlai,"""Take your time and breathe easy.""",Non-Verified,https://twitter.com/heyitslaiAhlai,29,118,"22-Dec-2022 00:43:20"
"""1663645749547089924""",https://twitter.com/AlexMitcherlich/status/1663645749547089924,"30 May 2023 20:37:10","""Why is #CriticalRaceTheory so dangerous?  and how is it neo-#marxism?
-

Full episodes at the link in bio. 
-

#crt #philosophy #news #democrat #republican #usa https://t.co/P3JsJl5Tgw""",ReTweet,"""Twitter Web App""",4,0,"""""",English,"""1586302132717867008""","""Alexander Mitcherlich""",AlexMitcherlich,"""""",Non-Verified,https://twitter.com/AlexMitcherlich,106,266,"29-Oct-2022 10:22:00"
"""1663641808419852288""",https://twitter.com/HrothgarDonner1/status/1663641808419852288,"30 May 2023 20:21:30","""Why is #CriticalRaceTheory so dangerous?  and how is it neo-#marxism?
-

Full episodes at the link in bio. 
-

#crt #philosophy #news #democrat #republican #usa https://t.co/P3JsJl5Tgw""",ReTweet,"""Twitter Web App""",4,0,"""""",English,"""1550508340286996483""","""Hrothgar Donnerson""",HrothgarDonner1,"""Eques Regis
Semper cogitare, resolvere et ratiocinari""",Non-Verified,https://twitter.com/HrothgarDonner1,393,424,"22-Jul-2022 15:49:56"
"""1663622420685631491""",https://twitter.com/DoctorKashi08/status/1663622420685631491,"30 May 2023 19:04:28","""Make no mistake about it, this is going on in NC too. 

Now is the time for citizens of good will throughout the nation to rise above the racist rhetoric and to do the right thing. #criticalracetheory
#racistshenanigans 

https://t.co/catonhTzda""",Tweet,"""Twitter for iPhone""",0,0,"""""",English,"""1111012078687608834""","""Dr. Kashi Levette Bazemore""",DoctorKashi08,"""Iâ€™m a go-getter who is unapologetic about my faith in God. Iâ€™m a warrior for justice who is studying for the NC Bar Exam while teaching Honors English III & IV.""",Non-Verified,https://twitter.com/DoctorKashi08,72,395,"27-Mar-2019 21:08:15"
"""1663619649332998144""",https://twitter.com/Pen_Bird/status/1663619649332998144,"30 May 2023 18:53:27","""@ShitpostGate didn't #WokeDisney, like, already make a movie about #CriticalRaceTheory already? https://t.co/qbpKKOwiJ4""",Reply,"""Twitter Web App""",1,1,"""""",English,"""33799404""","""Phlip ğŸ‡µğŸ‡ª""",Pen_Bird,"""Android & RPi. House of Pfizer ğŸ’‰. Linux on the desktop forever! Turn off ur AutoCorrect. Foodzilla. RT=E.

Oh bother. Poo drew on Pigleg (below)""",Non-Verified,https://twitter.com/Pen_Bird,4658,4906,"21-Apr-2009 03:46:16"
"""1663611346754125824""",https://twitter.com/Adaptive_x/status/1663611346754125824,"30 May 2023 18:20:28","""Happy Memorial Day! 

 #Educationalbravery #Culturallyresponsiveteaching #edtech #employment #diversityworkplace #inclusion #equality #diversityinclusion #Teachers #Teachertraining #Education #CriticalRaceTheory https://t.co/uAsqCRpzs0""",Tweet,"""eclincher Social Media Mgmt""",0,0,"""""",English,"""1018477114914467840""","""Adaptivex.io""",Adaptive_x,"""Equity through Assessment and Instruction""",Non-Verified,https://twitter.com/Adaptive_x,79,240,"15-Jul-2018 12:47:21"
"""1663595938143666237""",https://twitter.com/Xpressionable/status/1663595938143666237,"30 May 2023 17:19:14","""Middle school teacher under investigation for allegedly telling kids to 'go back to Africa' https://t.co/rwkjRVYemP #Crimesagainstblackchildren #crt #criticalracetheory #racismaschool #antiblackracism""",Tweet,"""Twitter Web App""",0,0,"""""",English,"""532291506""","""Xpressionable""",Xpressionable,"""View ğŸ‘‰ğŸ¾#DarienLewis -#QuariusDunham #NyaSigin #IsabellaTichenor #JamariDent #AntiBlaCkRacism
#ProtectBlackChildren
#BlackDefense
#CrimesAgainstBlackChildren""",Non-Verified,https://twitter.com/Xpressionable,3052,3716,"21-Mar-2012 12:58:16"
"""1663550448299839492""",https://twitter.com/ElioraIsrael144/status/1663550448299839492,"30 May 2023 14:18:28","""https://t.co/oU6IbDyZbL

NOW AVAILABLE ON IUIC COLUMBUS OHIO PAGE!! 
â€¦â€¦â€¦â€¦â€¦â€¦â€¦â€¦â€¦â€¦â€¦â€¦â€¦â€¦â€¦â€¦â€¦ 
Visit our website here ğŸ’»ğŸ‘¨ğŸ¾â€ğŸ’»ğŸ–¥
ğŸ”´ https://t.co/PaoNvfCvfV

#Christ #IUIC #Nathanyel7   #CriticalRaceTheory #Prophets""",Tweet,"""Twitter for Android""",0,0,"""""",English,"""1624807225758740486""","""Eliora Israel""",ElioraIsrael144,"""""",Non-Verified,https://twitter.com/ElioraIsrael144,13,74,"12-Feb-2023 16:27:08"
"""1663548669101219840""",https://twitter.com/reachem/status/1663548669101219840,"30 May 2023 14:11:24","""Mike @GovParsonMO &amp; @AGAndrewBailey- please protect #Missouri: Families, Schools (PreK-12, Colleges/University), Businesses, Banks and Churches from the following State and Resident destroying and destructive initiatives:
#CriticalTheory
#CriticalRaceTheory (#CRT)
#DEI (Diversityâ€¦ https://t.co/d8iFLjs2g2""",Tweet,"""Twitter for Android""",0,0,"""""",English,"""92201190""","""Patrick Brosnan""",reachem,"""theologian/sociologist/missiologist/PHD/ founder: reachemgroup, globalCircle.                                     Bible, Jesus, Church, Coffee, #bitcoin""",Non-Verified,https://twitter.com/reachem,653,545,"24-Nov-2009 04:42:51"
"""1663533812054196224""",https://twitter.com/JSAscension/status/1663533812054196224,"30 May 2023 13:12:22","""@TheInsiderPaper Looking at these comments, itâ€™s obvious #CriticalRaceTheory is necessary because most people (black and white) do not know the #history of how many black towns that began creating wealth were intentionally burned to the ground (like #BlackWallstreet in Oklahoma) or destroyed (ranâ€¦ https://t.co/5QMJXIDtHG""",Reply,"""Twitter for iPhone""",0,0,"""""",English,"""1435461256815726594""","""Jay Scott""",JSAscension,"""Feed Your Mind ğŸ¤¯ Nourish Your Soul ğŸ™Œ Raise Your Consciousness ğŸ§  Tame Your Ego ğŸ’¯""",Non-Verified,https://twitter.com/JSAscension,253,225,"08-Sep-2021 04:34:18"
"""1663520778149584896""",https://twitter.com/HapticUlcer/status/1663520778149584896,"30 May 2023 12:20:34","""Well done, Republicans! ğŸ˜‚

#CriticalRaceTheory #GOPClownShowContinues #RINO #MAGA https://t.co/NUifmbBx39""",Tweet,"""Twitter Web App""",0,0,"""""",English,"""1589016689097818112""","""Haptic Ulcer ğŸ‡ºğŸ‡¦""",HapticUlcer,"""Budding neuroscientist. Avid cyberpunk fan. Dilettante. Pessimist. Atheist. INFJ (it's not who I want to be, it's who I am). Â¯\_(ãƒ„)_/Â¯""",Non-Verified,https://twitter.com/HapticUlcer,477,1211,"05-Nov-2022 22:08:11"
"""1663520328599982082""",https://twitter.com/ShtBlackwood/status/1663520328599982082,"30 May 2023 12:18:47","""#Ironies 101 #IrelandisFull 
#Nigeria #anthropology #SocialNorms #culturewars #racebaiting #NoWhiteGuilt #CriticalRaceTheory 
The Guillotine Of Stupidity got us hereğŸ‘‡ https://t.co/i3frJt9e6Q""",ReTweet,"""Twitter Web App""",1,0,"""""",English,"""1461349660207955970""","""Rt Hon Sir Quasimodo Esq. Blah Blah Blah""",ShtBlackwood,"""Would like to see partition removed in Ireland during my lifetime but not at the cost of being digitally enslaved at behest of Sinn Fein to a medical tyranny.""",Non-Verified,https://twitter.com/ShtBlackwood,733,733,"18-Nov-2021 15:05:46"
"""1663514737827540993""",https://twitter.com/GerryKleber/status/1663514737827540993,"30 May 2023 11:56:34","""Die groÃŸe Ausnahme in der woken Ideologie reiner #Selbstbestimmung ist der Teil von #CriticalRaceTheory, der eine Generationen Ã¼bergreifende #Vererbung &amp; #Schuldkult um #Kolonialismus/#Rassismus zur Norm macht. Aber die Physik hatte ja frÃ¼her auch ihr Welle/Teilchen-Problem.""",Reply,"""Twitter Web App""",0,0,"""""",German,"""1068110989""","""der_Dattelkernschnitzer""",GerryKleber,"""Buchhalter mit Liebe zu deutschem Blutwurz""",Non-Verified,https://twitter.com/GerryKleber,59,101,"07-Jan-2013 11:39:49"
"""1663482856205697026""",https://twitter.com/doey_ann/status/1663482856205697026,"30 May 2023 09:49:53","""#Ironies 101 #IrelandisFull 
#Nigeria #anthropology #SocialNorms #culturewars #racebaiting #NoWhiteGuilt #CriticalRaceTheory 
The Guillotine Of Stupidity got us hereğŸ‘‡ https://t.co/i3frJt9e6Q""",Tweet,"""Twitter Web App""",1,2,"""""",English,"""1447424028210307076""","""Jane Ann Doey""",doey_ann,"""SIC RESISTENTIAM
SIC SEMPER TYRANNIS,
Thus to Tyrants
WOMAN OF  IRELAND 
Get shot of your 5g phones folk's. 
YOU HAVE DECLARED WAR.
CATHOLIC.NATURAL LAWS APPLY.""",Non-Verified,https://twitter.com/doey_ann,675,483,"11-Oct-2021 04:51:34"
"""1663478651063611393""",https://twitter.com/SpeakBlackMan/status/1663478651063611393,"30 May 2023 09:33:11","""Lest we rememberâ€¦ğŸ”—https://t.co/MefZt1o3Eg #CriticalRaceTheory #MemorialDay #SpeakBlackMan ğŸ™ï¸ https://t.co/uwNjDxPK2g""",Tweet,"""Twitter for iPhone""",9,14,"""""",English,"""360122305""","""Speak Black Man""",SpeakBlackMan,"""Podcast elevating the voices of Black male educators and students. Host @ProfessorJBA #teacher #SpecialEducation #storyteller #organizer #ProfessorJBA ğŸ™ï¸""",Non-Verified,https://twitter.com/SpeakBlackMan,955,1471,"22-Aug-2011 18:32:04"
"""1663447201987588099""",https://twitter.com/ebrown2112/status/1663447201987588099,"30 May 2023 07:28:12","""My BF's mother, avid Fox News watcher, told him she recalled him telling her that he learned #CriticalRaceTheory in college. Um, he was a business major...in the 1980s. We only heard about CRT like 2 years ago when Republicans made it their new boogeyman. Fox News rots your brain""",ReTweet,"""Twitter Web App""",1,0,"""""",English,"""15615152""","""Erik Smith""",ebrown2112,"""Writer, filmmaker, composer, waffle enthusiast.""",Non-Verified,https://twitter.com/ebrown2112,1383,2718,"26-Jul-2008 22:52:43"
"""1663433509145288704""",https://twitter.com/fantagor/status/1663433509145288704,"30 May 2023 06:33:48","""My BF's mother, avid Fox News watcher, told him she recalled him telling her that he learned #CriticalRaceTheory in college. Um, he was a business major...in the 1980s. We only heard about CRT like 2 years ago when Republicans made it their new boogeyman. Fox News rots your brain""",Tweet,"""Twitter Web App""",1,0,"""""",English,"""18774140""","""(((THEE R.A. Roth, Slava Ukraini! New Novel? Y)))""",fantagor,"""Rush the Band/Neil Peart fan, amberized author pushing Sisyphus's mossy stone up the same damn hill every day, why are you still here? nothing to see!""",Non-Verified,https://twitter.com/fantagor,2674,2898,"08-Jan-2009 18:56:04"
"""1663378684370210818""",https://twitter.com/EternalWomenInc/status/1663378684370210818,"30 May 2023 02:55:57","""We can discuss the holocaust, 9-11, and ANYTHING else BUT slavery. Nah, Iâ€™m going to talk, teach, and write about it. 
#americanhistory #slavery #antiblack #blackhistory #crt #criticalracetheory #minimization #erasure #neverforget #elevateblackvoices #antiracism #sideeye https://t.co/V7oXkNqYJs""",Tweet,"""Twitter for iPhone""",0,0,"""""",English,"""2745718020""","""EternalWomen""",EternalWomenInc,"""Lifestyle EducationğŸŒ¸ Empowerment Services, Popl AmbassadorğŸ’—*Women Led Business* eternalwomen@gmail.com EDUCATE.INSPIRE.EMPOWER.""",Non-Verified,https://twitter.com/EternalWomenInc,4035,2191,"19-Aug-2014 17:20:19"
"""1663373059598737408""",https://twitter.com/iuic_montreal/status/1663373059598737408,"30 May 2023 02:33:36","""https://t.co/ZSUYFCujYj

NOW AVAILABLE ON IUIC COLUMBUS OHIO PAGE!! 
â€¦â€¦â€¦â€¦â€¦â€¦â€¦â€¦â€¦â€¦â€¦â€¦â€¦â€¦â€¦â€¦â€¦ 
Visit our website here ğŸ’»ğŸ‘¨ğŸ¾â€ğŸ’»ğŸ–¥
ğŸ”´ https://t.co/OB3q8xGKAk

#Christ #IUIC #Nathanyel7   #CriticalRaceTheory #Prophets https://t.co/sY1xNyQ7Y9""",Tweet,"""Twitter for iPhone""",0,2,"""""",English,"""988175239958945792""","""IUIC Montreal""",iuic_montreal,"""Leadership: Officer Yawanathan Email: Iuic.Montreal@israelunite.org Phone: (855) 484-4842 Ext 7048 (English) Ext 7064 (FranÃ§ais/KreyÃ²l)""",Non-Verified,https://twitter.com/iuic_montreal,1981,51,"22-Apr-2018 21:58:31"
"""1663342623682174979""",https://twitter.com/Sparkle_Lee_/status/1663342623682174979,"30 May 2023 00:32:39","""Why is #CriticalRaceTheory so dangerous?  and how is it neo-#marxism?
-

Full episodes at the link in bio. 
-

#crt #philosophy #news #democrat #republican #usa https://t.co/P3JsJl5Tgw""",ReTweet,"""Twitter Web App""",4,0,"""""",English,"""1518737413069316097""","""ğŸ‡ºğŸ‡¸SparkleLeeLeeğŸ‡ºğŸ‡¸""",Sparkle_Lee_,"""âœï¸God 1stğŸ’œProud AmericanğŸ‡ºğŸ‡¸Against identity politics & victimhood. Grandparents came from Italy to Ellis Island. 17 yo uncle fought at/survived Iwo Jima ğŸ‡ºğŸ‡¸""",Non-Verified,https://twitter.com/Sparkle_Lee_,559,1739,"25-Apr-2022 23:43:25"
"""1663336050305953804""",https://twitter.com/nassaucamp144/status/1663336050305953804,"30 May 2023 00:06:32","""https://t.co/HqQEred51J

NOW AVAILABLE ON IUIC COLUMBUS OHIO PAGE!! 
â€¦â€¦â€¦â€¦â€¦â€¦â€¦â€¦â€¦â€¦â€¦â€¦â€¦â€¦â€¦â€¦â€¦ 
Visit our website here ğŸ’»ğŸ‘¨ğŸ¾â€ğŸ’»ğŸ–¥
ğŸ”´ https://t.co/jr06Xs5PJC

#Christ #IUIC #Nathanyel7   #CriticalRaceTheory #Prophets""",Tweet,"""Twitter for iPhone""",0,1,"""""",English,"""1329589702240956416""","""IUIC NASSAU BAHAMAS""",nassaucamp144,"""â€œAnd he said, It is a light thing that thou shouldest be my servant to raise up the tribes of Jacob, and to restore the preserved of Israel:""",Non-Verified,https://twitter.com/nassaucamp144,780,150,"20-Nov-2020 00:58:02"
"""1663324198264098818""",https://twitter.com/TraderZephyr/status/1663324198264098818,"29 May 2023 23:19:26","""Why is #CriticalRaceTheory so dangerous?  and how is it neo-#marxism?
-

Full episodes at the link in bio. 
-

#crt #philosophy #news #democrat #republican #usa https://t.co/P3JsJl5Tgw""",ReTweet,"""Twitter for iPhone""",4,0,"""""",English,"""1536701800723668995""","""Zephyr""",TraderZephyr,"""Trader since 2010.... 2015 account was hunted down and destroyed by the over sensitive. Took a year out... back to buy the BLOOD!! #BTC""",Non-Verified,https://twitter.com/TraderZephyr,19,235,"14-Jun-2022 13:27:25"
"""1663320510422478848""",https://twitter.com/AlaskaIuic/status/1663320510422478848,"29 May 2023 23:04:47","""https://t.co/HFSc8EY2dY

NOW AVAILABLE ON IUIC COLUMBUS OHIO PAGE!! 
â€¦â€¦â€¦â€¦â€¦â€¦â€¦â€¦â€¦â€¦â€¦â€¦â€¦â€¦â€¦â€¦â€¦ 
Visit our website here ğŸ’»ğŸ‘¨ğŸ¾â€ğŸ’»ğŸ–¥
ğŸ”´ https://t.co/VLpWYW34GX

#Christ #IUIC #Nathanyel7   #CriticalRaceTheory #Prophets https://t.co/KuApd9JxeG""",Tweet,"""Twitter for iPhone""",1,0,"""""",English,"""1253766191606190081""","""IUIC Anchorage, AK""",AlaskaIuic,"""Leadership: Captain Lemuel. E-mail: iuic.anchorage@israelunite.org. Phone: (855)484-4842 Ext.7001""",Non-Verified,https://twitter.com/AlaskaIuic,771,469,"24-Apr-2020 19:22:21"
"""1663306423328206848""",https://twitter.com/Fabianluxe/status/1663306423328206848,"29 May 2023 22:08:48","""Why is #CriticalRaceTheory so dangerous?  and how is it neo-#marxism?
-

Full episodes at the link in bio. 
-

#crt #philosophy #news #democrat #republican #usa https://t.co/P3JsJl5Tgw""",Tweet,"""Twitter for iPhone""",4,6,"""""",English,"""3040802252""","""Fabian - The Daily Elevated Show""",Fabianluxe,"""Host: https://t.co/1LyPRkLtbB Podcast â€œIndependent Thinkingâ€ ğŸ§  ğŸš´ğŸ» Bicycled Across America In 30 Days | CMO @BankXio""",Non-Verified,https://twitter.com/Fabianluxe,512,200,"25-Feb-2015 04:14:32"
"""1663229589148123149""",https://twitter.com/LuanneAshe/status/1663229589148123149,"29 May 2023 17:03:30","""#GEDSB would not need to offer literacy and numeracy at summer school if they just taught them instead of #CRT #CRITICALRACETHEORY, and #CriticalGenderStudies.
PULL YOUR KIDS OUT AND #HOMESCHOOL.  You cannot possibly do worse and you can watch out for p3dos. @davidtodor8 https://t.co/2SStYpZoEK""",Tweet,"""Twitter Web App""",0,1,"""""",English,"""552848214""","""Luanne M. Ashe""",LuanneAshe,"""Active,mature,independent Musician/Educator.POLITICALLY INCORRECT.Lobbyist for Common Sense.Defender of The Vulnerable.Speaker for the voiceless.Get over urself""",Non-Verified,https://twitter.com/LuanneAshe,172,652,"13-Apr-2012 15:03:20"
"""1663185311013167104""",https://twitter.com/DKNurielIsrael/status/1663185311013167104,"29 May 2023 14:07:33","""https://t.co/e7FW9YfMZ5

NOW AVAILABLE ON IUIC COLUMBUS OHIO PAGE!! 
â€¦â€¦â€¦â€¦â€¦â€¦â€¦â€¦â€¦â€¦â€¦â€¦â€¦â€¦â€¦â€¦â€¦ 
Visit our website here ğŸ’»ğŸ‘¨ğŸ¾â€ğŸ’»ğŸ–¥
ğŸ”´ https://t.co/ZUb6UhoWOf

#Christ #IUIC #Nathanyel7   #CriticalRaceTheory #Prophets https://t.co/pgdCMkMB2K""",ReTweet,"""Twitter for Android""",3,0,"""""",English,"""1594434942834032641""","""DK Nuri""",DKNurielIsrael,"""""",Non-Verified,https://twitter.com/DKNurielIsrael,58,173,"20-Nov-2022 20:58:58"
"""1663174613004591104""",https://twitter.com/SamMetc35688623/status/1663174613004591104,"29 May 2023 13:25:02","""The idea that anyoneâ€”of any race, gender or classâ€”is born morally guilty is about as nonsensical and offensive to the very idea of morality as it gets.

Itâ€™s either peace and civic virtue, or â€œoriginal guilt.â€ The two simply cannot coexist.

#wokeism 
#criticalracetheory""",ReTweet,"""Twitter Web App""",28,0,"""""",English,"""1243883914692878342""","""Nature knows...""",SamMetc35688623,"""Seeking truth....beyond the media.""",Non-Verified,https://twitter.com/SamMetc35688623,382,296,"28-Mar-2020 12:53:43"
"""1663169188268048390""",https://twitter.com/MindfulTeache12/status/1663169188268048390,"29 May 2023 13:03:29","""Looking to build better relationships with your students? ğŸ¤ğŸ’­

Mindful Teaching Practices Course can help! Let's create a positive and inclusive learning environment together.

#MindfulTeachingPractices #mindfulness #education #professionaldevelopment #CRT #CriticalRaceTheory https://t.co/wb9X0fP94z""",Tweet,"""Cloud Campaign""",0,0,"""""",English,"""1555763478954029061""","""MindfulTeacher""",MindfulTeache12,"""I like helping educators make stronger connections with students!""",Non-Verified,https://twitter.com/MindfulTeache12,4,69,"06-Aug-2022 03:51:53"
"""1663033488612941829""",https://twitter.com/4LoveAndJustice/status/1663033488612941829,"29 May 2023 04:04:16","""#BlackonWhiteViolence 
#BlackCrime
#CriticalRaceTheory https://t.co/v4VlTAS8fD""",Tweet,"""Twitter Web App""",1,1,"""""",,"""791261209""","""4Love&Justice""",4LoveAndJustice,"""I am Jai, an easy going guy. I love caring, compassionate, people.""",Non-Verified,https://twitter.com/4LoveAndJustice,383,797,"30-Aug-2012 09:57:38"
"""1663030821500997633""",https://twitter.com/cubear45/status/1663030821500997633,"29 May 2023 03:53:40","""hit the nail on the head...Dr.James Lindsey Founder of New Discourses, an organization dedicated to shining the light of objective truth in subjective darkness.
#JamesLindsey #Wokeness #Maoism #criticalracetheory #lgbtqp #Marxism #RaceMarxism
https://t.co/0eV3bxpA3C""",Tweet,"""Twitter Web App""",0,0,"""""",English,"""2727258573""","""cubearbear""",cubear45,"""CyClingFanğŸšµ  
ğŸ¶JrT for Life

Ñ’
LausDeoSemperğŸ’š""",Non-Verified,https://twitter.com/cubear45,585,1059,"28-Jul-2014 12:58:25"
"""1663023660133933056""",https://twitter.com/cqsbean/status/1663023660133933056,"29 May 2023 03:25:12","""The idea that anyoneâ€”of any race, gender or classâ€”is born morally guilty is about as nonsensical and offensive to the very idea of morality as it gets.

Itâ€™s either peace and civic virtue, or â€œoriginal guilt.â€ The two simply cannot coexist.

#wokeism 
#criticalracetheory""",ReTweet,"""Twitter for Android""",28,0,"""""",English,"""2211193058""","""sour beans ğŸ‡¨ğŸ‡¦ğŸš©""",cqsbean,"""Freedom lover
#justiceforernesto
  #Answers4Sean
Don't follow me if you are skanky! Tired of getting those requests ğŸ˜¡""",Non-Verified,https://twitter.com/cqsbean,560,1409,"23-Nov-2013 19:11:14"
"""1663019938079035392""",https://twitter.com/wdm120cv722/status/1663019938079035392,"29 May 2023 03:10:25","""@C0ntraryMary @Mrsodaslayer76 @Mickskinz @realstewpeters @TheJusticeDept Post  #Slavery papers Where white men raped #blackwomen on a regular basis. Plenty information online about  slave owners sexual #jefferyepstein savage ways  even eating black men &amp; men, itâ€™s part of #USA History they are #criticalracetheory erase.. 
 https://t.co/QcTKoPPw0m""",Reply,"""Twitter for iPhone""",1,2,"""The Eye, Detroit United States""",English,"""1645306959736741889""","""#WhoisC19""",wdm120cv722,"""#WhoisC19 #wdm120cv722 #61925KSX AI ğŸ¤– I reshare ALL #whistleblower #corruption cases #USA & the ğŸŒ over 4 Justice - I â¤ï¸#BattleRap ğŸ’¯""",Non-Verified,https://twitter.com/wdm120cv722,34,203,"10-Apr-2023 06:05:58"
"""1663016861309739008""",https://twitter.com/IanPseudonymous/status/1663016861309739008,"29 May 2023 02:58:11","""The idea that anyoneâ€”of any race, gender or classâ€”is born morally guilty is about as nonsensical and offensive to the very idea of morality as it gets.

Itâ€™s either peace and civic virtue, or â€œoriginal guilt.â€ The two simply cannot coexist.

#wokeism 
#criticalracetheory""",ReTweet,"""Twitter for Android""",28,0,"""""",English,"""1559004086787182592""","""Pseudonymous Ian ğŸ‡¨ğŸ‡¦""",IanPseudonymous,"""west coast Canadian Patriot ready to die for Medical Freedom. What interesting Times we live in
Pronouns:Bite/Me.
#UNvaccinated""",Non-Verified,https://twitter.com/IanPseudonymous,253,550,"15-Aug-2022 02:31:51"
"""1662982951842217984""",https://twitter.com/KatNL/status/1662982951842217984,"29 May 2023 00:43:27","""@elonmusk @monitoringbias Left media now using, for example, ""Black"" and ""White"" to describe people -- a pernicious racialism with which the South African apartheid system would be quite comfortable. #CriticalRaceTheory.""",ReTweet,"""Twitter for Android""",271,0,"""""",English,"""3394065790""","""KatNL""",KatNL,"""| PVV | I hate traitors, attention whores, showoffs, woke bullshit, libtards, LWNJs, snowflakes, SJWs, influencers, conspiracy weirdos | No DMs/Lists! |""",Non-Verified,https://twitter.com/KatNL,2297,4999,"29-Jul-2015 15:37:07"
"""1662952095903887366""",https://twitter.com/dharmicpreneur/status/1662952095903887366,"28 May 2023 22:40:50","""@TrueNorthCentre @elie_mcn The problem with #CriticalRaceTheory  is that itâ€™s based on Marxism - the ideal of oppressed and oppressor. The Marxist solution has as its goal the annihilation of the oppressor. Itâ€™s this extreme ideology we are seeing here. It offers to solution.  Read #SnakesInTheGanga""",ReTweet,"""Twitter for Android""",1,0,"""""",English,"""1159456206""","""Sarvesh""",dharmicpreneur,"""""",Non-Verified,https://twitter.com/dharmicpreneur,105,446,"08-Feb-2013 07:43:14"
"""1662937093138522114""",https://twitter.com/NiamhOSulliva10/status/1662937093138522114,"28 May 2023 21:41:13","""This account is really worth followingâ€¦ its content is the very â€˜wokeâ€™ American history the right donâ€™t want students in America to learn about.

#CRT #CriticalRaceTheory #woke #AmericanHistory https://t.co/ljuUN0PvYP""",ReTweet,"""Twitter for Android""",6,0,"""""",English,"""2370652833""","""Niamh O'Sullivan""",NiamhOSulliva10,"""""",Non-Verified,https://twitter.com/NiamhOSulliva10,707,1668,"28-Feb-2014 08:23:11"
"""1662911798184488963""",https://twitter.com/AndreaRemmen/status/1662911798184488963,"28 May 2023 20:00:42","""â€œThe working class has become the enemy of Marxists.â€
#CriticalRaceTheory's a new form of Marxism based on identity, says @ConceptualJames. In this 2-part interview, he breaks down the roots of this new Marxism gripping the West.
 
ğŸ”´PREMIERE 7pm ETğŸ‘‰ https://t.co/gnzsJXY550 https://t.co/yxYElk0e5l""",ReTweet,"""Twitter Web App""",214,0,"""""",English,"""1081143071373488128""","""RemmenA""",AndreaRemmen,"""If there is anyone who owes everything to Bach, it is certainly God. - Emil Cioran""",Non-Verified,https://twitter.com/AndreaRemmen,401,2307,"04-Jan-2019 10:59:29"
"""1662908920891940865""",https://twitter.com/BrianCno/status/1662908920891940865,"28 May 2023 19:49:16","""This account is really worth followingâ€¦ its content is the very â€˜wokeâ€™ American history the right donâ€™t want students in America to learn about.

#CRT #CriticalRaceTheory #woke #AmericanHistory https://t.co/ljuUN0PvYP""",ReTweet,"""Twitter for iPad""",6,0,"""""",English,"""820153434""","""Brian Mullan""",BrianCno,"""Retired Civil Engineer. Play Bridge interested in GAA, Irish rowing""",Non-Verified,https://twitter.com/BrianCno,569,227,"12-Sep-2012 18:57:09"
"""1662906323263168513""",https://twitter.com/eddsmitty/status/1662906323263168513,"28 May 2023 19:38:57","""This account is really worth followingâ€¦ its content is the very â€˜wokeâ€™ American history the right donâ€™t want students in America to learn about.

#CRT #CriticalRaceTheory #woke #AmericanHistory https://t.co/ljuUN0PvYP""",ReTweet,"""Twitter for Android""",6,0,"""""",English,"""1001663707045421058""","""Eddie Smith""",eddsmitty,"""If you want to go fast, go alone. If you want to go far, go together.~ African Proverb

Creator of âš ï¸WOKE CONTENTâš ï¸ discussion threads.

Keep it woke!ğŸ‘""",Non-Verified,https://twitter.com/eddsmitty,30043,15975,"30-May-2018 03:16:52"
"""1662904221052674049""",https://twitter.com/EvelynSpring8/status/1662904221052674049,"28 May 2023 19:30:36","""This account is really worth followingâ€¦ its content is the very â€˜wokeâ€™ American history the right donâ€™t want students in America to learn about.

#CRT #CriticalRaceTheory #woke #AmericanHistory https://t.co/ljuUN0PvYP""",ReTweet,"""Twitter Web App""",6,0,"""""",English,"""1418528526081331200""","""Evelyn Corr Spring""",EvelynSpring8,"""Irish woman from Kildare. pre school sna.""",Non-Verified,https://twitter.com/EvelynSpring8,903,2285,"23-Jul-2021 11:09:11"
"""1662903987278888960""",https://twitter.com/fdcsticks/status/1662903987278888960,"28 May 2023 19:29:40","""This account is really worth followingâ€¦ its content is the very â€˜wokeâ€™ American history the right donâ€™t want students in America to learn about.

#CRT #CriticalRaceTheory #woke #AmericanHistory https://t.co/ljuUN0PvYP""",ReTweet,"""Twitter for iPhone""",6,0,"""""",English,"""702269895""","""fran ca del""",fdcsticks,"""Family Music Books Travel Nature Nice Walks& WineğŸ’•""",Non-Verified,https://twitter.com/fdcsticks,769,681,"05-Oct-2013 20:29:47"
"""1662901958666010625""",https://twitter.com/Khayden2412/status/1662901958666010625,"28 May 2023 19:21:36","""This account is really worth followingâ€¦ its content is the very â€˜wokeâ€™ American history the right donâ€™t want students in America to learn about.

#CRT #CriticalRaceTheory #woke #AmericanHistory https://t.co/ljuUN0PvYP""",Tweet,"""Twitter for iPhone""",6,20,"""Dublin City, Ireland Ireland""",English,"""1686377761""","""Karl Hayden""",Khayden2412,"""Long time human, civil and LGBT rights activist ğŸ³ï¸â€âš§ï¸ ğŸ³ï¸â€ğŸŒˆ, I stand with people of Palestine ğŸ‡µğŸ‡¸ and Ukraine ğŸ‡ºğŸ‡¦, the LGBT communities of the world ğŸŒ""",Non-Verified,https://twitter.com/Khayden2412,2650,1492,"20-Aug-2013 17:53:34"
"""1662899136008429577""",https://twitter.com/DinoParkTycoon/status/1662899136008429577,"28 May 2023 19:10:23","""#CriticalRaceTheory In Actionâ€¦What Hath Target Wrought? https://t.co/yWEW3KZR07""",Tweet,"""Twitter for iPhone""",0,1,"""""",English,"""324465035""","""Dino Spumomi @ P.S. 118""",DinoParkTycoon,"""Stray Cats Saved By Trap, Neuter, Return: 10 ğŸˆ | ğŸ‡ºğŸ‡¸ Library Cards: 4 | 1st Rapper Banned From DMV Wendys{Link Below} | Bisexual ğŸŒ®ğŸ† | SoberâŒ | SingleğŸ¤·ğŸ¼â€â™‚ï¸""",Non-Verified,https://twitter.com/DinoParkTycoon,2709,3142,"26-Jun-2011 17:28:06"
"""1662849580776452102""",https://twitter.com/WrightDeDeej/status/1662849580776452102,"28 May 2023 15:53:28","""Here is a short clip from today's appearance on @DrPhil. We discussed #CriticalRaceTheory. ""America is not all rainbows and pixie dust"" #racism #blacklivesmatter #racist#whitesupremacy #equality #whiteprivilege #affirmativeaction #affirmativeactionjustice #trump #thisisamericaâ€¦ https://t.co/lzYdKWiSXB https://t.co/u6bKWmnISS""",ReTweet,"""Twitter for iPad""",23,0,"""""",English,"""3365978242""","""dedeej Wright""",WrightDeDeej,"""Tanka poet, essayist, fiber artist and clinical social worker (on vacation)""",Non-Verified,https://twitter.com/WrightDeDeej,586,5000,"08-Jul-2015 13:19:35"
"""1662843721241509889""",https://twitter.com/JeffAllen629/status/1662843721241509889,"28 May 2023 15:30:11","""@EdKrassen ""Conservatives cancelled 'Critical Race Theory'""

Leftists are free to discuss #CriticalRaceTheory all they wish (it's not cancelled anywhere), they just can't push RACISM in public schools, while employed there

We,the taxpayers,pay for the schools,WE set the terms of employment""",Reply,"""Twitter for Android""",0,0,"""Faribault, MN United States""",English,"""1316791953003089920""","""Jeff Allen""",JeffAllen629,"""""",Non-Verified,https://twitter.com/JeffAllen629,113,827,"15-Oct-2020 17:24:27"
"""1662828624485949443""",https://twitter.com/kids4kids1233/status/1662828624485949443,"28 May 2023 14:30:12","""@TrueNorthCentre @elie_mcn The problem with #CriticalRaceTheory  is that itâ€™s based on Marxism - the ideal of oppressed and oppressor. The Marxist solution has as its goal the annihilation of the oppressor. Itâ€™s this extreme ideology we are seeing here. It offers to solution.  Read #SnakesInTheGanga""",Reply,"""Twitter for iPhone""",1,2,"""""",English,"""78454676""","""Dr. Ragini Sharma""",kids4kids1233,"""MSW, PhD. RTs are not endorsements. Please support education about Hindu heritage at https://t.co/mnEkLPTcE0 Sanghachadwam Loka samastha sukhino bhavantu""",Non-Verified,https://twitter.com/kids4kids1233,1109,596,"29-Sep-2009 23:53:52"
"""1662822299865878530""",https://twitter.com/lookout9000/status/1662822299865878530,"28 May 2023 14:05:04","""#BLM #BlackLivesMatter #Democrats #DemocracyMatters #ColinKaepernick #NFLTwitter #NBAPlayoffs #NBA #WNBATwitter #WNBA #NBC #ABC #CBS #Reparations #Republicans #NAACP #woke #identitypolitics #criticalracetheory #CRT #2024Election https://t.co/Q2VUTcIfVA""",Tweet,"""Twitter Web App""",0,0,"""""",,"""1586406342667169793""","""Look Out""",lookout9000,"""I'm an American who loves the beauty of women and is not afraid to voice my conservative views. Haters will be muted. I don't argue with idiots.""",Non-Verified,https://twitter.com/lookout9000,33,196,"29-Oct-2022 17:15:47"
"""1662799718148362241""",https://twitter.com/Jill992004231/status/1662799718148362241,"28 May 2023 12:35:20","""@stillgray #IdentityPolitics 
#DEI
#CriticalRaceTheory
#ESG
#Russiagate
#Impeachments
#IRSCorruption
#FBISedition
#CIACollusion
#TwoTieredJustice
#ClintonAttemptedCoup
#BidenEnergyPolicies
#OpenBorders
#TransHysteria

So many â€¦ And more to come if re-elected.""",Reply,"""Twitter for iPhone""",0,0,"""""",English,"""1586007448397103104""","""JilliBee""",Jill992004231,"""""",Non-Verified,https://twitter.com/Jill992004231,90,327,"28-Oct-2022 14:50:51"
"""1662782710790647809""",https://twitter.com/MTmomFIHS/status/1662782710790647809,"28 May 2023 11:27:45","""@realchrisrufo @ConceptualJames Attacking #CriticalRaceTheory (which is NOT taught in K-12 but in law schools) is attacking #BlackHistory and is Racist. @GOP Stop the â€œbranding of liesâ€ and stop the BS #CultureWars that are dividing the people. https://t.co/iHuNM7r2yS""",ReTweet,"""Twitter for iPhone""",18,0,"""""",English,"""759045000680189952""","""Carrie Thomas â˜®ï¸""",MTmomFIHS,"""Nothing of note""",Non-Verified,https://twitter.com/MTmomFIHS,59,533,"29-Jul-2016 15:16:45"
"""1662779148308193280""",https://twitter.com/INFOLEKIOSK/status/1662779148308193280,"28 May 2023 11:13:36","""""#WhiteFeminism overlooks or excludes the groundbreaking work of black feminist leaders such as @sandylocks, Audre Lorde, bell hooks, Alice Walker, Angela Davis &amp; other non-white feminists.""
#StructuralRacism #CriticalRaceTheory #WhiteSupremacy #WhitePrivilege #Intersectionnality""",Reply,"""Twitter Web App""",0,0,"""""",English,"""3034341596""","""#ColonialismIsNotOver #GlobalDisabilityJustice""",INFOLEKIOSK,"""https://t.co/HIq1KBSx4o
https://t.co/1qlQRoiSKJ
https://t.co/JVpIaB6jrH
https://t.co/Ifr2Wk611h
https://t.co/D6yN2UtaLC
https://t.co/80Jo16j1Ph
https://t.co/V30bPGyyxh""",Non-Verified,https://twitter.com/INFOLEKIOSK,1894,4982,"21-Feb-2015 09:13:44"
"""1662735157374205953""",https://twitter.com/leijpeideaud/status/1662735157374205953,"28 May 2023 08:18:48","""#BlackonWhiteViolence 
#CriticalRaceTheory https://t.co/LLpQRYO1ol""",ReTweet,"""Twitter for Android""",1,0,"""""",,"""578881805""","""Leijpeideaud ğŸ€""",leijpeideaud,"""100% beschermd tegen bijwerkingen! Scherp waar nodig, mild waar ik kan, ik onderschep berichten van rooksignalen en postduiven om Twitter hiermee te vervuilen.""",Non-Verified,https://twitter.com/leijpeideaud,558,1727,"13-May-2012 11:36:24"
"""1662647432415526913""",https://twitter.com/thurston_21/status/1662647432415526913,"28 May 2023 02:30:13","""A website developed by a @Cornell University law professor to track #CriticalRaceTheory in Americaâ€™s colleges and universities is expanding to expose CRTâ€™s presence in the curriculum at elite K-12 and medical schools. https://t.co/fSnbMToVQI""",ReTweet,"""Twitter for iPhone""",47,0,"""""",English,"""1604065028""","""Michael L Howell""",thurston_21,"""""",Non-Verified,https://twitter.com/thurston_21,135,113,"18-Jul-2013 18:33:40"
"""1662574409213792257""",https://twitter.com/TruthfullyJaine/status/1662574409213792257,"27 May 2023 21:40:02","""https://t.co/H4SuqFd8Tn

Tap In 12:00 PM SharpğŸ”ŒğŸ’» as #CaptainJoel ğŸ›¡ï¸âš”ï¸ Gives It To You Straight! YOUR WAYS ARE UNEQUALâ€¼ï¸ğŸ«µğŸ¿ 
â€¦â€¦â€¦â€¦â€¦â€¦â€¦â€¦â€¦
Visit our website here ğŸ’»ğŸ‘¨ğŸ¾â€ğŸ’»ğŸ–¥
ğŸ”´ https://t.co/OB3q8xGKAk

#Christ #IUIC #Nathanyel7   #RealJews #CriticalRaceTheory
 #SocialConstruct https://t.co/9sU6vi2xC3""",ReTweet,"""Twitter for Android""",1,0,"""""",English,"""1500123086514970631""","""Truthfulness""",TruthfullyJaine,"""The fact of being true; truth.

Your Fault with the Truth is...""",Non-Verified,https://twitter.com/TruthfullyJaine,24,121,"05-Mar-2022 14:56:47"
"""1662551768352407553""",https://twitter.com/MarcMedleyShow/status/1662551768352407553,"27 May 2023 20:10:04","""ğŸ“£ New Podcast! ""LaTanya White, Ph.D, M.B.A. Appears on The Reading Circle with Marc Medley Book Talk Radio Show"" on @Spreaker #88_7fmradio #blackbusinesses #bookbanning #bravenewradio #clapback #courageousconversations #criticalracetheory #racism https://t.co/OxbRkBeAkG""",Tweet,"""Spreaker""",1,1,"""""",English,"""957791529451565056""","""The Marc Medley Show Podcast""",MarcMedleyShow,"""Follow/Subscribe to THE MARC MEDLEY SHOW PODCAST on Apple Podcasts, TuneIn, Pandora, iHeart Radio, Stitcher, YouTube, Google, Spotify and Spreaker. Î‘Î¦Î‘ ğŸ–¤ğŸ’›""",Non-Verified,https://twitter.com/MarcMedleyShow,289,4067,"29-Jan-2018 01:44:30"
"""1662537985835802627""",https://twitter.com/Gina_Banina/status/1662537985835802627,"27 May 2023 19:15:18","""#CriticalRaceTheory #ListenUpConservatives https://t.co/aym6qwoTd5""",ReTweet,"""Twitter for iPhone""",2,0,"""""",,"""66918848""","""Gina""",Gina_Banina,"""Chronically Ill/Disabled / Pro-Choice / Democrat / Animal Lover / WWE fan - BLM - ğŸ³ï¸â€ğŸŒˆ ğŸ‡ºğŸ‡¦ / Supporter of ALL of LGBTQ / ğŸš« DMs (she/her)""",Non-Verified,https://twitter.com/Gina_Banina,677,1785,"19-Aug-2009 05:19:23"
"""1662530772014866432""",https://twitter.com/unitedinminds/status/1662530772014866432,"27 May 2023 18:46:39","""[ #PREJUDICE ] 1/10
Slideshow from November 2021.

""We dwell upon our history to improve upon our future."" - Osei Kwadwo, Palace Historian, Ghana

Targets of prejudice have continued to change over time.

#AntiRacist #Racism #CRT #CriticalRaceTheory https://t.co/qN7P5aWpG7""",ReTweet,"""Twitter for iPhone""",6,0,"""""",English,"""1457027047633522690""","""United in Mind""",unitedinminds,"""Anti xenophobia. Pro equality, inclusivity, empathy, opportunity, & social democracy in our interconnected world. Part of the human tribe.#SpacesHost #Indonesia""",Non-Verified,https://twitter.com/unitedinminds,3971,3226,"06-Nov-2021 16:48:28"
"""1662527066984644609""",https://twitter.com/markfuller86/status/1662527066984644609,"27 May 2023 18:31:55","""@jpo_mpls @billglahn Projectionâ€¦ thatâ€™s what your clown car ğŸ¤¡party does. #CriticalRaceTheory 
#MEA  #Indoctrination #Marxism""",Reply,"""Twitter for iPhone""",0,0,"""""",English,"""318738724""","""ğŸ’ğŸ¥… Mark Fuller ğŸš€ ğŸ‡ºğŸ‡¸""",markfuller86,"""conservative, finance guy, golfer, snowmobiler, sports fanatic, weather enthusiast, The Five, Tucker Carlson, Gutfeld! ..dad to a wonderful daughter, CSB/SJU""",Non-Verified,https://twitter.com/markfuller86,1624,4996,"16-Jun-2011 23:54:26"
"""1662475121104134144""",https://twitter.com/pandorafan32587/status/1662475121104134144,"27 May 2023 15:05:30","""Also, if there are any K-12 schools teaching #CRT, they probably arenâ€™t teaching it appropriately. ACTUAL #CriticalRaceTheory is a #lawschool ELECTIVE.""",Tweet,"""Twitter for iPhone""",0,0,"""""",English,"""36859386""","""Joel Rion Staves (pronounced JOHL RYAN STAYVS)""",pandorafan32587,"""REALISTIC #ADOSâœŠğŸ¿ğŸ‡ºğŸ‡¸|center-left|Instructional Technologist|Sociologist|music lover|blogger|Introverted extrovert|ğŸ’–ğŸ’œğŸ’™|Awake (ğŸš« â€œwokeâ€)|Sleeptime is over""",Non-Verified,https://twitter.com/pandorafan32587,874,4947,"01-May-2009 02:37:19"
"""1662458958597050368""",https://twitter.com/anthropologic/status/1662458958597050368,"27 May 2023 14:01:17","""#AcademicPsychologicalWarfare  @HISTORY #WHITERACISM @JusticeOIG #CriticalRaceTheory @usedgov @EdTrust @FixingEducation @EducationOIG https://t.co/azdS8hBiGN""",Tweet,"""Twitter for Android""",0,0,"""""",,"""26818986""","""anthropologic""",anthropologic,"""anthropod assimilating acculturation through Applied Science SocialCybernetics Age of Info to mend, repair, and transform USA individually  society""",Non-Verified,https://twitter.com/anthropologic,1178,5002,"26-Mar-2009 18:56:57"
"""1662458784684318723""",https://twitter.com/mamiesmith/status/1662458784684318723,"27 May 2023 14:00:35","""The Artistry of Jonathan Harris: Critical Race Theory Painting  A painting that touched the world!  #criticalracetheory  #art   #JonathanHarris   #DetroitArtist  #socialjustice  #culturaldifferences   #education  #books   #removalofbooks  #libraries
https://t.co/nl0cuJdMY6 https://t.co/rSmpNBXEhM""",Tweet,"""Hootsuite Inc.""",0,0,"""""",English,"""49813096""","""Mamie Smith""",mamiesmith,"""I am an author, businesswoman and inspirational writer, speaker and talk show host.  Spirituality is my genre.""",Non-Verified,https://twitter.com/mamiesmith,5241,5873,"22-Jun-2009 23:44:54"
"""1662447807201001473""",https://twitter.com/cclareMDMPH/status/1662447807201001473,"27 May 2023 13:16:58","""â¦@michellemorseâ© helps us understand the social construction of race based on the #criticalracetheory â¦@NationalMedAssnâ© â¦@NmaRegion1â© https://t.co/ADuKYeA1ms""",Tweet,"""Twitter for iPhone""",0,1,"""""",English,"""1174384316689895424""","""Camille A. Clare MD MPH""",cclareMDMPH,"""Chair @sunydownstate Dept of ObGyn, Professor College of Med & School of Public Health, Former Asso Dean of Diversity & Inclusion, ObGyn, my views, she/her/hers""",Non-Verified,https://twitter.com/cclareMDMPH,31321,25539,"18-Sep-2019 18:08:07"
"""1662437456841691138""",https://twitter.com/suibiansjizhe/status/1662437456841691138,"27 May 2023 12:35:50","""ã€2023å¹´5æœˆ15æ—¥NicoleãŒWayne Dupree Podcast ç•ªçµ„ã«å‡ºæ¼”ã€‘ä¸­å›½å…±ç”£å…šã®ã€Œä¸€äººã£å­æ”¿ç­–ã€ã§å¦Šå¨ å¾ŒæœŸã®èµ¤ã¡ã‚ƒã‚“ã‚’å«ã‚€4å„„äººã®èƒå…ãŒæ®ºã•ã‚ŒãŸã€‚#freemilesguo #freeyvettewang #nfsc #æ¯›æ²¢æ± #ä¸€äººã£å­æ”¿ç­– #æ–‡åŒ–å¤§é©å‘½ #æ‰¹åˆ¤çš„äººç¨®ç†è«– #CRT #CriticalRaceTheory #Woke ï¼ƒéšç´šé—˜äº‰ç†è«– #CCP https://t.co/iCfdpnCtvw""",ReTweet,"""Twitter for iPhone""",7,0,"""""",Japanese,"""1167646332321878016""","""ãƒãƒ‰ãƒ¬ãƒ¼ãƒŒå®çº¢ç›ç‘™ğŸ”¥æ»…å…±æ–°ä¸­å›½è”é‚¦äºº""",suibiansjizhe,"""å•è¿å»ºã®èƒŒæ™¯: ä¸­å›½å…±ç”£å…šã®ã‚¹ãƒ‘ã‚¤ã®å®¶æ—! ã‚·ãƒ£ãƒ³ãƒ»ã‚¦ã‚§ã‚¤ã‚¸ãƒ£ãƒ³ã¨ã¯ï¼Ÿãªãœå½¼ã¯ç±³å›½ã«æ·±ãæ½œå…¥ã—ãŸã‹ã£ãŸã®ã§ã™ã‹ï¼Ÿéƒ­æ–‡æ¡‚ã®ãƒ¯ã‚·ãƒ³ãƒˆãƒ³ã§ã®æ¼”èª¬ã‚’å¦¨å®³ã—ãŸå‹•æ©Ÿã¯ä½•ã§ã™ã‹?ãªãœå½¼ã®å¤ªå¹³æ´‹åŒç›ŸPAGã¯ã€ç±³å›½ã¨BVIã§ä½•åº¦ã‚‚éƒ­æ°ã«å¯¾ã—ã¦åˆæ³•çš„ãªç„¡åˆ¶é™ã®æˆ¦äº‰ã‚’é–‹å§‹ã—ãŸã®ã§ã™ã‹?""",Non-Verified,https://twitter.com/suibiansjizhe,1339,331,"31-Aug-2019 03:52:44"
"""1662410052706115585""",https://twitter.com/nassaucamp144/status/1662410052706115585,"27 May 2023 10:46:57","""https://t.co/uG1VX1OOAC

Tap In 12:00 PM SharpğŸ”ŒğŸ’» as #CaptainJoel ğŸ›¡ï¸âš”ï¸ Gives It To You Straight! YOUR WAYS ARE UNEQUALâ€¼ï¸ğŸ«µğŸ¿ 
â€¦â€¦â€¦â€¦â€¦â€¦â€¦â€¦â€¦
Visit our website here ğŸ’»ğŸ‘¨ğŸ¾â€ğŸ’»ğŸ–¥
ğŸ”´ https://t.co/jr06Xs5PJC

#Christ #IUIC #Nathanyel7   #RealJews #CriticalRaceTheory
 #SocialConstruct https://t.co/JDUNhO9qKZ""",Tweet,"""Twitter for Android""",0,0,"""""",English,"""1329589702240956416""","""IUIC NASSAU BAHAMAS""",nassaucamp144,"""â€œAnd he said, It is a light thing that thou shouldest be my servant to raise up the tribes of Jacob, and to restore the preserved of Israel:""",Non-Verified,https://twitter.com/nassaucamp144,780,150,"20-Nov-2020 00:58:02"
"""1662382164543930369""",https://twitter.com/Clarsonimus/status/1662382164543930369,"27 May 2023 08:56:08","""How ""systemic #racism"" works: 1. ASSUME everyone except you is a #racist. 2. Give this a fancy name like #CriticalRaceTheory. 3. Then find or invert whatever you need to prove your theory is true. It's called circular reasoning; start with whatever you want to end up with.
#Woke""",ReTweet,"""Twitter Web App""",4,0,"""""",English,"""5474222""","""Hermann Observer""",Clarsonimus,"""Murican in #Berlin. Ex-leftist romantic turned common sensible. Uncautiously optimistic. Political correctness is vindictive. The ""woke"" are in a waking dream.""",Non-Verified,https://twitter.com/Clarsonimus,12976,12397,"24-Apr-2007 19:03:40"
"""1662343984814100480""",https://twitter.com/Darinwang389393/status/1662343984814100480,"27 May 2023 06:24:25","""ã€2023å¹´5æœˆ15æ—¥NicoleãŒWayne Dupree Podcast ç•ªçµ„ã«å‡ºæ¼”ã€‘ä¸­å›½å…±ç”£å…šã®ã€Œä¸€äººã£å­æ”¿ç­–ã€ã§å¦Šå¨ å¾ŒæœŸã®èµ¤ã¡ã‚ƒã‚“ã‚’å«ã‚€4å„„äººã®èƒå…ãŒæ®ºã•ã‚ŒãŸã€‚#freemilesguo #freeyvettewang #nfsc #æ¯›æ²¢æ± #ä¸€äººã£å­æ”¿ç­– #æ–‡åŒ–å¤§é©å‘½ #æ‰¹åˆ¤çš„äººç¨®ç†è«– #CRT #CriticalRaceTheory #Woke ï¼ƒéšç´šé—˜äº‰ç†è«– #CCP https://t.co/RSTAgTsFS7""",ReTweet,"""Twitter for iPhone""",1,0,"""""",Japanese,"""1642364891247046656""","""Darinwang""",Darinwang389393,"""""",Non-Verified,https://twitter.com/Darinwang389393,849,1579,"02-Apr-2023 03:14:54"
